<?xml version="1.0" encoding="utf-8"?>
<unattend xmlns="urn:schemas-microsoft-com:unattend">
    <settings pass="auditUser">
        <component name="Microsoft-Windows-Deployment" processorArchitecture="amd64" publicKeyToken="31bf3856ad364e35" language="neutral" versionScope="nonSxS" xmlns:wcm="http://schemas.microsoft.com/WMIConfig/2002/State" xmlns:xsi="http://www.w3.org/2001/XMLSchema-instance">
            <RunAsynchronous>
                <RunAsynchronousCommand wcm:action="add">
                    <Description>Auto Start Prov Tool</Description>
                    <Order>1</Order>
                    <Path>cmd /c c:\windows\panther\ws1\RunPPKGandXML.bat</Path>
                </RunAsynchronousCommand>
            </RunAsynchronous>
        </component>
    </settings>
    <settings pass="oobeSystem">
        <component name="Microsoft-Windows-Deployment" processorArchitecture="amd64" publicKeyToken="31bf3856ad364e35" language="neutral" versionScope="nonSxS" xmlns:wcm="http://schemas.microsoft.com/WMIConfig/2002/State" xmlns:xsi="http://www.w3.org/2001/XMLSchema-instance">
            <Reseal>
                <Mode>Audit</Mode>
            </Reseal>
        </component>
    </settings>
    <cpi:offlineImage cpi:source="wim:v:/genericimage/1909/1909_en_us_535%20-%20copy.wim#BLANK" xmlns:cpi="urn:schemas-microsoft-com:cpi" />
</unattend>
